timestamp,mode,direction,total,bits,raw_samples
2026-03-07T14:51:56.153731,MANUAL,NONE,-212,1000000,3995456
2026-03-07T14:58:00.130682,MANUAL,NONE,624,1000000,4002658
2026-03-07T15:06:24.330291,RANDOM,UP,1014,1000000,3994128
2026-03-07T15:11:04.706835,RANDOM,DOWN,234,1000000,4035498
2026-03-07T15:15:40.715671,RANDOM,DOWN,-8,1000000,3983390
2026-03-07T15:20:21.684696,RANDOM,DOWN,692,1000000,4008556
2026-03-07T15:24:53.086675,RANDOM,UP,1802,1000000,3972332
2026-03-07T15:29:38.534892,RANDOM,UP,1278,1000000,4010322
2026-03-07T15:34:19.997689,MANUAL,NONE,448,1000000,4037182
2026-03-07T15:46:44.746791,RANDOM,DOWN,622,1000000,3989700
2026-03-07T15:54:27.882556,RANDOM,DOWN,412,1000000,3993610
2026-03-07T16:36:04.270153,RANDOM,UP,1616,1000000,3995008
2026-03-07T16:40:37.830172,RANDOM,DOWN,-656,1000000,4025294
2026-03-07T16:48:11.146380,MANUAL,NONE,-186,1000000,3993430
2026-03-07T16:55:02.608138,MANUAL,NONE,-1182,1000000,4008472
2026-03-07T17:02:20.869382,MANUAL,NONE,-1794,1000000,4018796
2026-03-07T17:08:50.271103,RANDOM,UP,3982,1000000,3973842
2026-03-07T17:13:29.241568,RANDOM,DOWN,-98,1000000,4005568
2026-03-07T17:25:41.821695,RANDOM,UP,3666,1000000,4015644
2026-03-07T17:33:33.401673,RANDOM,UP,4140,1000000,4006938
2026-03-07T17:38:14.254589,MANUAL,NONE,-2330,1000000,3994162
2026-03-07T17:44:41.469575,MANUAL,NONE,-2602,1000000,3986418
2026-03-07T17:55:17.034112,RANDOM,DOWN,-1126,1000000,3997996
2026-03-07T18:00:18.927152,RANDOM,UP,3906,1000000,4003950
2026-03-07T18:05:32.521196,RANDOM,DOWN,-3858,1000000,4035590
2026-03-07T18:13:43.900731,MANUAL,NONE,-1374,1000000,4005274
2026-03-07T18:38:51.897142,RANDOM,UP,3006,1000000,3991710
2026-03-07T19:50:14.316092,RANDOM,UP,1950,1000000,4011424
2026-03-07T19:57:49.508913,RANDOM,DOWN,-2632,1000000,3997452
2026-03-07T20:03:32.664848,RANDOM,DOWN,-2336,1000000,3987228
2026-03-07T20:08:02.123190,RANDOM,DOWN,-3118,1000000,3974328
2026-03-07T20:12:59.544392,RANDOM,DOWN,-2366,1000000,4016870
2026-03-07T20:17:34.354330,RANDOM,UP,2466,1000000,4020748
2026-03-07T20:22:39.751023,RANDOM,UP,1634,1000000,4030688
2026-03-07T20:27:52.548696,RANDOM,DOWN,-2814,1000000,3989782
2026-03-07T20:32:26.871290,MANUAL,NONE,-1922,1000000,4016180
2026-03-07T20:37:00.542925,MANUAL,NONE,-3080,1000000,3971706
2026-03-07T20:41:33.251857,MANUAL,NONE,-3780,1000000,4007550
2026-03-07T20:46:43.110393,RANDOM,DOWN,-2954,1000000,4029802
2026-03-07T20:51:17.597769,RANDOM,DOWN,-4274,1000000,3971890
2026-03-07T20:55:51.774814,RANDOM,DOWN,-4898,1000000,3986750
2026-03-07T21:00:32.539070,RANDOM,UP,420,1000000,4034782
2026-03-07T21:05:04.302482,MANUAL,NONE,-4476,1000000,4000670
2026-03-07T21:24:44.272875,MANUAL,NONE,-4838,1000000,3973092
2026-03-07T21:33:17.940902,RANDOM,UP,-508,1000000,4010206
2026-03-07T21:37:53.761066,RANDOM,DOWN,-6586,1000000,3992044
2026-03-07T21:42:23.420930,RANDOM,DOWN,-5444,1000000,3972486
2026-03-07T21:46:54.867111,RANDOM,DOWN,-3950,1000000,3989700
2026-03-07T21:51:27.180594,RANDOM,DOWN,-3564,1000000,4003874
2026-03-07T21:56:01.771307,RANDOM,DOWN,-2610,1000000,4012226
2026-03-07T22:01:16.836983,RANDOM,DOWN,-4248,1000000,4002472
2026-03-07T22:06:17.157198,RANDOM,UP,-216,1000000,4028288
2026-03-07T22:10:58.856447,RANDOM,DOWN,-4584,1000000,4013204
2026-03-07T22:15:35.722073,RANDOM,UP,192,1000000,4004794
2026-03-07T22:20:07.501333,RANDOM,UP,212,1000000,4007642
2026-03-07T22:25:47.757447,MANUAL,NONE,-5256,1000000,3983160
2026-03-07T22:30:24.864237,MANUAL,NONE,-3696,1000000,3992550
2026-03-07T22:34:59.940457,RANDOM,UP,712,1000000,3982484
2026-03-07T22:43:10.355173,RANDOM,DOWN,-4470,1000000,4004008
2026-03-07T22:48:33.266616,RANDOM,UP,1646,1000000,3998116
2026-03-07T22:55:17.756122,RANDOM,UP,4020,1000000,3995816
2026-03-07T23:00:11.094407,RANDOM,UP,3762,1000000,3999510
2026-03-07T23:05:17.782516,RANDOM,DOWN,-3136,1000000,4004812
2026-03-07T23:09:57.751347,RANDOM,DOWN,-2366,1000000,4014204
2026-03-07T23:14:31.644605,RANDOM,UP,5158,1000000,3998042
2026-03-07T23:20:59.601007,MANUAL,NONE,-4978,1000000,4006572
2026-03-07T23:26:54.408396,MANUAL,NONE,-5312,1000000,4032078
2026-03-07T23:33:51.029447,MANUAL,NONE,-6316,1000000,3986824
2026-03-07T23:52:17.843084,MANUAL,NONE,-7916,1000000,4003812
2026-03-08T00:40:12.038404,MANUAL,NONE,-6148,1000000,4007108
2026-03-08T00:45:22.586085,MANUAL,NONE,-7504,1000000,4007892
2026-03-08T00:50:38.060503,RANDOM,DOWN,-2692,1000000,4004408
2026-03-08T00:55:11.596696,RANDOM,UP,3996,1000000,3973202
2026-03-08T01:19:01.316015,RANDOM,DOWN,-4006,1000000,4029000
2026-03-08T09:33:43.614751,RANDOM,DOWN,-3764,1000000,4022666
2026-03-08T09:38:21.377803,RANDOM,UP,4978,1000000,4046938
2026-03-08T09:43:24.727471,RANDOM,DOWN,-2670,1000000,4051892
2026-03-08T09:47:59.852576,RANDOM,DOWN,-2080,1000000,4018278
2026-03-08T09:52:49.583830,RANDOM,UP,4928,1000000,4038832
2026-03-08T09:57:40.816353,RANDOM,DOWN,-1296,1000000,4024172
2026-03-08T10:04:39.556609,RANDOM,UP,5186,1000000,4018180
2026-03-08T10:09:23.522696,RANDOM,UP,5122,1000000,4003778
2026-03-08T10:15:22.696665,RANDOM,DOWN,-790,1000000,4006392
2026-03-08T10:23:20.603695,RANDOM,DOWN,-1778,1000000,4029538
2026-03-08T10:27:53.237524,RANDOM,UP,5816,1000000,4036718
2026-03-08T10:32:32.108452,MANUAL,NONE,-5436,1000000,4035022
2026-03-08T10:37:09.178858,MANUAL,NONE,-7028,1000000,4033672
2026-03-08T10:41:57.745082,MANUAL,NONE,-7496,1000000,3997816
2026-03-08T23:05:10.449459,MANUAL,NONE,-7260,1000000,3996698
2026-03-08T23:11:02.596537,RANDOM,DOWN,-2568,1000000,4020358
2026-03-08T23:20:39.251185,RANDOM,UP,6310,1000000,3989240
2026-03-08T23:25:19.759580,MANUAL,NONE,-6174,1000000,4030640
2026-03-08T23:31:12.683499,RANDOM,DOWN,-2826,1000000,3983936
2026-03-08T23:38:10.408817,MANUAL,NONE,-5266,1000000,4016474
2026-03-08T23:44:01.702559,MANUAL,NONE,-3944,1000000,4003254
2026-03-08T23:55:40.025802,RANDOM,UP,6774,1000000,4032506
2026-03-09T00:02:34.839716,RANDOM,UP,7608,1000000,4035300
2026-03-09T00:07:23.982929,RANDOM,DOWN,-1926,1000000,4050850
2026-03-09T07:48:50.531619,MANUAL,NONE,-2714,1000000,4004952
2026-03-09T07:53:56.576838,MANUAL,NONE,-3638,1000000,3987372
2026-03-09T22:10:03.679877,RANDOM,DOWN,-2390,1000000,4015360
2026-03-09T22:15:06.192704,RANDOM,UP,9508,1000000,4018262
2026-03-09T22:19:42.115483,RANDOM,DOWN,-1662,1000000,4024842
2026-03-09T22:24:15.484319,RANDOM,DOWN,-2634,1000000,4044260
2026-03-09T22:29:52.995890,RANDOM,DOWN,-3102,1000000,4018120
2026-03-09T22:35:07.130717,RANDOM,DOWN,-4014,1000000,4003502
2026-03-09T22:39:50.207572,RANDOM,DOWN,-2112,1000000,4004760
2026-03-09T22:44:22.827258,RANDOM,UP,12174,1000000,4034592
2026-03-09T22:48:57.584292,RANDOM,UP,13484,1000000,4021962
2026-03-09T22:53:45.414391,RANDOM,UP,14010,1000000,4015610
2026-03-09T22:58:17.645375,RANDOM,UP,14128,1000000,4020476
2026-03-09T23:02:57.363487,RANDOM,UP,13622,1000000,3997782
2026-03-09T23:07:37.094429,RANDOM,UP,12292,1000000,4050104
2026-03-09T23:12:29.047024,RANDOM,DOWN,170,1000000,4008402
2026-03-09T23:17:01.719487,RANDOM,UP,13232,1000000,4023540
2026-03-09T23:21:35.351965,RANDOM,DOWN,300,1000000,4052000
2026-03-09T23:26:05.451960,RANDOM,UP,14034,1000000,4007246
2026-03-09T23:32:22.676096,RANDOM,DOWN,1444,1000000,4001754
2026-03-09T23:36:55.655451,RANDOM,DOWN,48,1000000,3990200
2026-03-09T23:41:38.875438,RANDOM,UP,14868,1000000,3993810
2026-03-09T23:46:14.885649,RANDOM,UP,14712,1000000,4009504
2026-03-09T23:50:46.383297,RANDOM,UP,15518,1000000,4008962
2026-03-09T23:55:40.714970,RANDOM,DOWN,-516,1000000,3991944
2026-03-10T00:00:35.893029,RANDOM,DOWN,758,1000000,3996366
2026-03-10T00:08:56.729946,RANDOM,DOWN,-1024,1000000,4025376
2026-03-10T00:15:43.490525,RANDOM,UP,18206,1000000,3993128
2026-03-10T00:20:27.904776,RANDOM,DOWN,-126,1000000,4015592
2026-03-10T00:28:14.636994,RANDOM,UP,18174,1000000,3998458
2026-03-10T00:36:45.623067,RANDOM,UP,16602,1000000,3991170
2026-03-10T00:41:28.292655,MANUAL,NONE,-4460,1000000,4016322
2026-03-10T02:07:15.078793,MANUAL,NONE,-4700,1000000,3996550
2026-03-10T02:35:44.435454,MANUAL,NONE,-5020,1000000,3998646
2026-03-10T13:37:21.509240,RANDOM,DOWN,-216,1000000,4025172
2026-03-10T13:41:56.643274,MANUAL,NONE,-3428,1000000,4031862
2026-03-10T13:48:34.459700,MANUAL,NONE,-5996,1000000,3984970
2026-03-10T13:58:10.221206,MANUAL,NONE,-4336,1000000,3991738
2026-03-10T14:06:22.640401,MANUAL,NONE,-4604,1000000,4010386
2026-03-10T14:10:56.567261,MANUAL,NONE,-4372,1000000,4016914
2026-03-10T14:19:00.594933,MANUAL,NONE,-5766,1000000,3992824
2026-03-10T14:29:40.033036,MANUAL,NONE,-4808,1000000,4032452
2026-03-10T14:43:57.086036,RANDOM,UP,16922,1000000,4001338
2026-03-10T14:54:14.514777,MANUAL,NONE,-5280,1000000,4015568
2026-03-10T14:59:42.696090,MANUAL,NONE,-3346,1000000,3997352
2026-03-10T15:04:41.805539,MANUAL,NONE,-3388,1000000,4000246
2026-03-10T15:10:21.466759,MANUAL,NONE,-3028,1000000,3986080
2026-03-10T15:15:54.264546,MANUAL,NONE,-4234,1000000,4016296
2026-03-10T15:34:20.726114,MANUAL,NONE,-2852,1000000,3994184
2026-03-10T15:45:30.881310,MANUAL,NONE,-2100,1000000,4000144
2026-03-10T15:52:49.546003,RANDOM,UP,16508,1000000,3979972
2026-03-10T15:57:56.121123,RANDOM,UP,17720,1000000,4000542
2026-03-10T16:02:32.540041,RANDOM,UP,17090,1000000,4012322
2026-03-10T16:08:26.702615,RANDOM,DOWN,580,1000000,4032132
2026-03-10T16:15:10.501707,RANDOM,UP,17862,1000000,3975932
2026-03-10T16:19:41.830266,RANDOM,DOWN,1040,1000000,3995256
2026-03-10T16:24:13.559577,RANDOM,UP,18158,1000000,3992458
2026-03-10T16:28:46.356385,RANDOM,DOWN,1106,1000000,3985904
2026-03-10T16:33:21.432985,RANDOM,UP,18008,1000000,3985070
2026-03-10T16:38:24.509638,RANDOM,UP,17064,1000000,4019586
2026-03-10T16:43:37.868410,RANDOM,UP,19402,1000000,3974552
2026-03-10T16:48:46.370949,RANDOM,DOWN,1036,1000000,4013520
2026-03-10T16:53:42.548684,RANDOM,DOWN,1978,1000000,4023986
2026-03-10T16:58:27.101663,RANDOM,UP,19450,1000000,4021206
2026-03-10T17:03:00.620326,MANUAL,NONE,-3740,1000000,4007180
2026-03-10T17:08:09.136569,MANUAL,NONE,-3852,1000000,4021682
2026-03-10T17:54:17.846674,MANUAL,NONE,-4726,1000000,4009636
2026-03-10T17:58:56.049621,MANUAL,NONE,-4594,1000000,4038744
2026-03-10T18:21:24.176632,MANUAL,NONE,-4368,1000000,4015562
2026-03-10T18:39:38.205506,MANUAL,NONE,-6032,1000000,3975954
2026-03-10T19:16:22.646735,MANUAL,NONE,-6612,1000000,4029764
2026-03-10T19:23:47.931561,MANUAL,NONE,-5204,1000000,4013312
2026-03-10T19:40:36.450329,RANDOM,DOWN,2558,1000000,3978030
2026-03-10T19:46:24.436129,MANUAL,NONE,-7188,1000000,4005264
2026-03-10T19:50:53.274065,RANDOM,UP,19188,1000000,3996228
2026-03-10T20:00:01.189806,RANDOM,DOWN,4496,1000000,4022014
2026-03-10T20:04:31.028373,RANDOM,DOWN,3958,1000000,3999130
2026-03-10T20:09:02.786984,RANDOM,UP,19050,1000000,3993980
2026-03-10T20:26:27.558038,RANDOM,UP,18416,1000000,4023730
2026-03-10T20:31:03.336842,MANUAL,NONE,-5854,1000000,3990738
2026-03-10T20:36:03.071811,MANUAL,NONE,-7368,1000000,3980516
2026-03-10T20:42:28.498144,RANDOM,UP,18302,1000000,4011042
2026-03-10T20:47:04.969254,MANUAL,NONE,-7000,1000000,3986314
2026-03-10T20:52:28.169089,MANUAL,NONE,-8300,1000000,3980524
2026-03-10T21:12:02.331454,RANDOM,UP,19510,1000000,4006198
2026-03-10T21:34:10.275523,RANDOM,UP,21690,1000000,4000432
2026-03-10T21:39:03.796747,RANDOM,UP,21268,1000000,4012304
2026-03-10T21:43:41.080704,RANDOM,UP,20500,1000000,4006162
2026-03-10T21:48:58.081537,RANDOM,DOWN,3290,1000000,3999402
2026-03-10T21:53:51.435309,RANDOM,UP,20852,1000000,4001748
2026-03-10T21:58:33.039612,RANDOM,UP,21538,1000000,3980930
2026-03-10T22:03:27.714603,RANDOM,UP,20536,1000000,4028956
2026-03-10T22:08:06.339508,RANDOM,UP,20694,1000000,3993168
2026-03-10T22:13:04.935129,RANDOM,DOWN,4008,1000000,4031578
2026-03-10T22:17:40.127148,RANDOM,UP,19092,1000000,3971758
2026-03-10T22:22:45.370000,RANDOM,UP,19296,1000000,3976372
2026-03-10T22:28:45.641140,RANDOM,UP,20366,1000000,4023718
2026-03-10T22:33:42.344213,RANDOM,DOWN,5976,1000000,4004002
2026-03-10T22:39:21.488467,MANUAL,NONE,-8662,1000000,4013438
2026-03-10T22:43:54.846413,MANUAL,NONE,-8790,1000000,3994416
2026-03-10T22:54:44.754717,MANUAL,NONE,-6292,1000000,3979350
2026-03-10T23:00:35.386471,RANDOM,DOWN,5334,1000000,4035658
2026-03-10T23:05:07.267731,RANDOM,UP,20614,1000000,3999506
2026-03-10T23:14:28.599065,MANUAL,NONE,-6988,1000000,3993344
2026-03-10T23:20:23.066057,MANUAL,NONE,-7394,1000000,4014860
2026-03-10T23:29:24.892316,RANDOM,DOWN,4768,1000000,4009356
2026-03-10T23:35:58.411151,MANUAL,NONE,-6988,1000000,4007956
2026-03-10T23:49:11.444294,MANUAL,NONE,-6286,1000000,4001658
2026-03-10T23:55:09.237168,RANDOM,DOWN,4516,1000000,3992650
2026-03-10T23:59:45.553402,RANDOM,DOWN,4486,1000000,3988390
2026-03-11T00:04:24.956468,RANDOM,DOWN,5608,1000000,3981208
2026-03-11T00:15:51.602307,RANDOM,UP,18950,1000000,3983186
2026-03-11T00:20:45.129071,RANDOM,DOWN,3508,1000000,4004886
2026-03-11T00:25:47.240041,RANDOM,UP,18050,1000000,4041668
2026-03-11T00:30:19.257368,RANDOM,DOWN,4800,1000000,4008840
2026-03-11T00:34:58.492163,MANUAL,NONE,-5058,1000000,4014710
2026-03-11T00:42:41.513721,MANUAL,NONE,-4112,1000000,3977380
2026-03-11T05:08:12.091144,MANUAL,NONE,-4564,1000000,3975792
2026-03-11T07:13:01.116599,RANDOM,UP,17738,1000000,4026794
2026-03-11T07:19:22.629638,RANDOM,DOWN,4142,1000000,4018716
2026-03-11T07:24:18.617518,MANUAL,NONE,-7470,1000000,4023098
2026-03-11T07:30:13.425030,RANDOM,DOWN,3478,1000000,4024064
2026-03-11T07:34:48.627770,MANUAL,NONE,-7910,1000000,4002038
2026-03-11T20:24:26.341579,RANDOM,UP,17424,1000000,3971918
2026-03-11T20:36:24.294529,RANDOM,UP,18908,1000000,3998248
2026-03-11T20:41:52.551686,MANUAL,NONE,-6942,1000000,4027272
2026-03-11T20:47:04.795411,MANUAL,NONE,-5198,1000000,4013464
2026-03-11T20:54:30.575890,RANDOM,DOWN,3556,1000000,4021128
2026-03-11T21:02:22.439293,RANDOM,DOWN,3304,1000000,3994688
2026-03-11T21:08:06.052450,MANUAL,NONE,-4444,1000000,4056238
2026-03-11T21:15:27.689221,RANDOM,UP,18240,1000000,4011374
2026-03-11T21:22:35.910962,RANDOM,DOWN,2154,1000000,4054262
2026-03-11T21:49:59.473445,RANDOM,DOWN,3572,1000000,4047694
2026-03-11T21:57:20.224088,MANUAL,NONE,-5112,1000000,4089230
2026-03-11T22:12:40.904934,RANDOM,DOWN,3602,1000000,4068150
2026-03-11T22:17:21.987405,MANUAL,NONE,-4342,1000000,4063314
2026-03-12T09:48:02.691588,RANDOM,UP,17856,1000000,4029506
2026-03-12T09:54:18.283801,RANDOM,UP,17946,1000000,3979834
2026-03-12T10:03:38.866503,MANUAL,NONE,-2394,1000000,4038780
2026-03-12T10:33:16.019943,RANDOM,UP,18260,1000000,4043760
2026-03-12T10:38:02.599252,RANDOM,DOWN,3036,1000000,3988598
2026-03-12T11:09:31.344423,RANDOM,DOWN,4336,1000000,3985542
2026-03-12T11:14:13.644881,MANUAL,NONE,-1606,1000000,4039710
2026-03-12T11:47:24.194789,RANDOM,UP,19342,1000000,4016796
2026-03-12T12:36:31.941806,RANDOM,DOWN,4694,1000000,3998650
2026-03-12T12:42:52.897405,RANDOM,DOWN,4812,1000000,3998586
2026-03-12T12:53:30.716698,MANUAL,NONE,-1450,1000000,4022702
2026-03-12T12:58:29.613015,MANUAL,NONE,-1376,1000000,4018116
2026-03-12T14:01:17.311109,RANDOM,DOWN,5590,1000000,4022862
2026-03-12T14:07:29.350473,RANDOM,UP,19162,1000000,4001944
2026-03-12T14:12:01.360634,MANUAL,NONE,-2168,1000000,4008298
2026-03-12T14:18:39.552353,RANDOM,DOWN,6876,1000000,3998788
2026-03-12T14:24:54.258481,RANDOM,UP,18808,1000000,3985638
2026-03-12T14:29:50.977151,MANUAL,NONE,-664,1000000,4010522
2026-03-12T14:34:52.715893,RANDOM,DOWN,5116,1000000,3998600
2026-03-12T14:40:16.802348,RANDOM,UP,19390,1000000,3987892
2026-03-12T14:44:54.475861,MANUAL,NONE,-368,1000000,4018052
2026-03-12T14:50:18.600074,RANDOM,DOWN,5552,1000000,4021216
2026-03-12T14:57:15.114439,RANDOM,UP,19226,1000000,3995444
2026-03-12T15:04:27.885171,MANUAL,NONE,428,1000000,3992834
2026-03-12T15:13:32.504221,RANDOM,UP,20634,1000000,3993128
2026-03-12T15:19:39.285098,RANDOM,DOWN,5656,1000000,4000850
2026-03-12T15:31:41.704781,MANUAL,NONE,-842,1000000,4011282
2026-03-12T16:18:07.694823,RANDOM,DOWN,3246,1000000,4046784
2026-03-12T16:22:55.712623,RANDOM,UP,19432,1000000,4017160
2026-03-12T16:27:36.018810,MANUAL,NONE,-472,1000000,4040284
2026-03-12T16:53:29.152394,RANDOM,UP,20654,1000000,4012638
2026-03-12T16:58:19.647990,RANDOM,UP,22402,1000000,4009282
2026-03-12T17:13:30.933281,RANDOM,DOWN,2752,1000000,3978910
2026-03-12T17:18:16.730894,MANUAL,NONE,-318,1000000,4047504
2026-03-12T17:40:45.711464,RANDOM,UP,22196,1000000,3981028
2026-03-12T17:49:34.660085,RANDOM,DOWN,2138,1000000,3997782
2026-03-12T17:54:11.113381,MANUAL,NONE,-86,1000000,3979956
2026-03-12T18:36:10.793895,RANDOM,DOWN,1452,1000000,3974094
2026-03-12T18:40:50.343660,MANUAL,NONE,-90,1000000,4006012
2026-03-12T18:51:28.225885,RANDOM,DOWN,2668,1000000,4039294
2026-03-12T18:57:14.764547,RANDOM,UP,23220,1000000,3997776
2026-03-12T19:01:57.639633,MANUAL,NONE,282,1000000,3978298
2026-03-12T19:57:18.529164,RANDOM,DOWN,3156,1000000,3990328
2026-03-12T20:05:30.011884,RANDOM,UP,23142,1000000,3994700
2026-03-12T20:10:09.066692,MANUAL,NONE,-2218,1000000,4008222
2026-03-12T20:21:35.298687,RANDOM,UP,24006,1000000,3995760
2026-03-12T20:38:05.715948,RANDOM,UP,24576,1000000,4006742
2026-03-12T20:51:46.293780,RANDOM,UP,26232,1000000,3986502
2026-03-12T22:58:27.117552,RANDOM,DOWN,3400,1000000,3984394
2026-03-12T23:04:38.500865,MANUAL,NONE,-3130,1000000,3985504
2026-03-12T23:21:18.537344,RANDOM,UP,26210,1000000,3999412
2026-03-12T23:38:35.886134,RANDOM,UP,25882,1000000,4040114
2026-03-12T23:52:24.410196,RANDOM,DOWN,3860,1000000,4021342
2026-03-13T00:02:40.407810,RANDOM,DOWN,4612,1000000,4016056
2026-03-13T00:20:37.980506,RANDOM,UP,26814,1000000,4030960
2026-03-13T00:26:19.848414,MANUAL,NONE,-3392,1000000,4017276
2026-03-13T00:40:13.720432,MANUAL,NONE,-3768,1000000,4010340
2026-03-13T00:46:28.430728,RANDOM,DOWN,5530,1000000,4013340
2026-03-13T00:51:06.776964,MANUAL,NONE,-4676,1000000,3999790
2026-03-14T07:12:43.702137,RANDOM,UP,26902,1000000,3994644
2026-03-14T07:20:07.127874,RANDOM,DOWN,7662,1000000,4039126
2026-03-14T07:25:16.043159,MANUAL,NONE,-5868,1000000,4025536
2026-03-14T07:36:44.590512,RANDOM,DOWN,5528,1000000,3982766
2026-03-14T07:41:19.777953,MANUAL,NONE,-6474,1000000,3984194
2026-03-14T07:50:57.698365,RANDOM,UP,26710,1000000,4026368
2026-03-14T07:56:43.080490,RANDOM,UP,26640,1000000,4028310
2026-03-14T08:01:42.610392,RANDOM,UP,27692,1000000,3991562
2026-03-14T08:14:02.883477,RANDOM,DOWN,2910,1000000,4016316
2026-03-14T08:18:49.703088,MANUAL,NONE,-6200,1000000,4025376
2026-03-14T08:31:38.277590,RANDOM,UP,28752,1000000,3997970
2026-03-14T08:41:49.631957,RANDOM,UP,28430,1000000,3991956
2026-03-14T08:50:48.091813,RANDOM,DOWN,1904,1000000,4006870
2026-03-14T08:56:42.307678,MANUAL,NONE,-7444,1000000,3985950
2026-03-14T09:16:35.599917,RANDOM,DOWN,2218,1000000,3987370
2026-03-14T09:25:19.329802,MANUAL,NONE,-8358,1000000,4031110
2026-03-14T09:32:04.590462,RANDOM,UP,27838,1000000,4011766
2026-03-14T09:59:44.750314,RANDOM,UP,28408,1000000,4046712
2026-03-14T10:10:19.890599,RANDOM,UP,27462,1000000,4033966
2026-03-14T10:15:43.105902,RANDOM,DOWN,2246,1000000,4037298
2026-03-14T10:54:02.292423,MANUAL,NONE,-7892,1000000,4013754
2026-03-14T11:58:29.173928,RANDOM,DOWN,2694,1000000,4033244
2026-03-14T12:03:02.293082,MANUAL,NONE,-9130,1000000,4006952
2026-03-14T12:16:34.711430,RANDOM,UP,27536,1000000,4039558
2026-03-14T12:21:42.165354,RANDOM,DOWN,2352,1000000,4038400
2026-03-14T22:00:08.422931,RANDOM,DOWN,1368,1000000,4068342
2026-03-14T22:05:34.031068,RANDOM,UP,26142,1000000,4078546
2026-03-14T22:10:11.092491,RANDOM,DOWN,-310,1000000,4064552
2026-03-14T22:15:03.449873,MANUAL,NONE,-10180,1000000,4084782
2026-03-14T22:20:07.341161,MANUAL,NONE,-9822,1000000,4064904
2026-03-14T22:25:14.419886,MANUAL,NONE,-8178,1000000,4076486
2026-03-14T22:30:05.551407,RANDOM,UP,25742,1000000,4079464
2026-03-14T22:34:40.514296,RANDOM,UP,24584,1000000,4042830
2026-03-14T22:39:57.508995,RANDOM,DOWN,60,1000000,4042150
2026-03-14T22:45:38.057584,MANUAL,NONE,-8968,1000000,4065346
2026-03-14T22:53:07.532163,RANDOM,DOWN,-1072,1000000,4024408
2026-03-14T22:58:21.815518,MANUAL,NONE,-8850,1000000,4032434
2026-03-14T23:04:02.005206,RANDOM,UP,24864,1000000,4051570
2026-03-14T23:21:04.436473,RANDOM,UP,25494,1000000,4044938
2026-03-14T23:45:48.043477,RANDOM,UP,24624,1000000,4009250
2026-03-15T00:05:22.054417,RANDOM,UP,25448,1000000,4039218
2026-03-15T00:12:11.309583,RANDOM,DOWN,-406,1000000,3998564
2026-03-15T00:18:24.492781,RANDOM,UP,25662,1000000,4013290
2026-03-15T00:23:17.573249,MANUAL,NONE,-10766,1000000,3989590
2026-03-22T10:19:46.064723,RANDOM,UP,27012,1000000,4027182
2026-03-22T10:24:21.823713,MANUAL,NONE,-10992,1000000,3986084
2026-03-22T10:29:41.293317,RANDOM,DOWN,-428,1000000,3982118
2026-03-25T00:20:07.514917,RANDOM,UP,28084,1000000,4029970
2026-03-25T00:25:52.007262,RANDOM,DOWN,-764,1000000,4034562
2026-03-25T00:30:45.630585,MANUAL,NONE,-10204,1000000,4007828
2026-03-27T07:39:16.031158,RANDOM,DOWN,-1112,1000000,4035370
2026-03-27T07:43:50.004184,MANUAL,NONE,-10620,1000000,3992508
2026-03-27T07:48:39.974865,RANDOM,UP,29176,1000000,3976428
2026-03-27T07:54:10.036463,MANUAL,NONE,-8332,1000000,4029576
2026-03-27T07:58:42.365822,RANDOM,DOWN,-1996,1000000,3991808
2026-03-30T07:53:15.143322,RANDOM,DOWN,-3444,1000000,4047212
2026-03-30T07:57:52.589727,MANUAL,NONE,-10862,1000000,4019112
2026-03-30T08:02:26.510505,RANDOM,UP,31922,1000000,4010592
2026-03-31T23:27:33.320182,RANDOM,DOWN,-4026,1000000,4035578
2026-03-31T23:32:17.612383,MANUAL,NONE,-7806,1000000,4026138
2026-03-31T23:37:01.326794,RANDOM,UP,31548,1000000,3999898
2026-03-31T23:41:43.256090,RANDOM,DOWN,-3472,1000000,4023144
2026-03-31T23:46:23.235009,MANUAL,NONE,-9056,1000000,3998206
2026-03-31T23:51:29.772692,RANDOM,UP,32198,1000000,4003266
2026-03-31T23:57:33.943429,RANDOM,DOWN,-3820,1000000,3995848
2026-04-01T00:02:20.059835,MANUAL,NONE,-8818,1000000,3975434
2026-04-01T07:45:19.375528,RANDOM,DOWN,-4064,1000000,3983152
2026-04-01T07:51:07.454249,MANUAL,NONE,-8206,1000000,3980952
2026-04-01T07:56:02.734205,RANDOM,DOWN,-3562,1000000,4007484
2026-04-01T08:00:42.113565,MANUAL,NONE,-5744,1000000,3995112
2026-04-02T07:53:37.810772,RANDOM,UP,32518,1000000,4003238
2026-04-02T07:58:09.524337,RANDOM,DOWN,-2942,1000000,3987282
2026-04-02T08:02:43.805900,RANDOM,DOWN,-2042,1000000,4001912
2026-04-02T08:07:44.898534,RANDOM,DOWN,-1194,1000000,4004882
2026-04-03T07:53:55.737233,RANDOM,UP,33388,1000000,4049088
2026-04-03T07:58:34.965495,MANUAL,NONE,-5174,1000000,4016876
2026-04-03T08:03:09.966022,RANDOM,UP,33802,1000000,4041262
2026-04-03T08:07:46.840790,MANUAL,NONE,-5558,1000000,3976440
2026-04-05T00:11:43.715226,RANDOM,UP,34726,1000000,4016574
2026-04-05T00:26:22.515555,MANUAL,NONE,-5546,1000000,3993896
2026-04-05T00:51:28.744493,RANDOM,DOWN,-1322,1000000,4000630
2026-04-05T00:56:22.419436,MANUAL,NONE,-6354,1000000,3988706
2026-04-05T01:01:01.185834,RANDOM,UP,33648,1000000,3997204
2026-04-05T01:06:09.106138,RANDOM,UP,32788,1000000,4032304
2026-04-05T01:11:14.536485,RANDOM,UP,33412,1000000,4006918
2026-04-05T01:16:37.993471,RANDOM,UP,34224,1000000,4003818
2026-04-05T01:21:30.596636,RANDOM,DOWN,-302,1000000,3993090
2026-04-05T01:28:50.318447,MANUAL,NONE,-8336,1000000,3993804
2026-04-05T01:46:40.716664,RANDOM,DOWN,-1766,1000000,3991668
2026-04-05T01:52:37.407974,RANDOM,UP,32948,1000000,4036954
2026-04-05T01:57:19.394500,RANDOM,DOWN,-1682,1000000,4017722
2026-04-05T02:02:32.723848,RANDOM,UP,35190,1000000,4030802
2026-04-05T02:07:26.811128,MANUAL,NONE,-8866,1000000,4027764
2026-04-05T02:12:46.316922,MANUAL,NONE,-10184,1000000,4041954
2026-04-05T02:17:18.109355,MANUAL,NONE,-9174,1000000,4031356
2026-04-05T02:26:56.181789,RANDOM,UP,35218,1000000,4022502
2026-04-05T02:33:49.355915,RANDOM,UP,36488,1000000,4023164
2026-04-05T02:38:49.576658,RANDOM,DOWN,-2436,1000000,3982648
2026-04-05T02:43:51.655984,RANDOM,UP,35772,1000000,4002580
2026-04-05T02:48:33.053101,RANDOM,DOWN,-2744,1000000,4026882
2026-04-05T02:53:53.902298,RANDOM,UP,35346,1000000,4042464
2026-04-06T07:38:10.665889,RANDOM,DOWN,-3070,1000000,3986614
2026-04-06T07:43:07.757084,MANUAL,NONE,-8524,1000000,3982474
2026-04-06T07:58:13.297058,RANDOM,DOWN,-3158,1000000,3986328
2026-04-06T08:03:00.801505,RANDOM,UP,36722,1000000,4015418
2026-04-06T08:07:32.866476,MANUAL,NONE,-8118,1000000,3981120
2026-04-07T07:50:19.335373,RANDOM,UP,36532,1000000,4022024
2026-04-07T07:54:51.466600,MANUAL,NONE,-7684,1000000,3978212
2026-04-07T08:00:25.048916,RANDOM,UP,36328,1000000,3987872
2026-04-07T08:05:45.076289,RANDOM,DOWN,-3736,1000000,3990562
2026-04-07T08:10:30.159489,MANUAL,NONE,-8092,1000000,3971042
2026-04-07T08:16:14.295210,RANDOM,UP,37572,1000000,3984258
2026-04-08T07:59:16.363641,RANDOM,UP,38180,1000000,4005466
2026-04-08T08:04:56.422319,RANDOM,DOWN,-4204,1000000,4002438
2026-04-08T08:09:31.251439,MANUAL,NONE,-7756,1000000,3997140
2026-04-09T08:06:57.270148,RANDOM,UP,37842,1000000,4011600
2026-04-09T08:13:24.807848,RANDOM,UP,38952,1000000,4000258
2026-04-10T18:02:24.960288,MANUAL,NONE,-6152,1000000,4109688
2026-04-10T18:30:32.669668,MANUAL,NONE,-5188,1000000,4051322
2026-04-10T18:44:02.398851,MANUAL,NONE,-3846,1000000,4059740
2026-04-10T22:21:35.570048,MANUAL,NONE,-2830,1000000,4070626
2026-04-10T22:26:34.361893,MANUAL,NONE,-3744,1000000,4076938
2026-04-10T23:18:27.272673,RANDOM,DOWN,-4626,1000000,4023196
2026-04-10T23:24:01.730235,RANDOM,UP,38116,1000000,4063570
2026-04-10T23:35:09.392596,RANDOM,DOWN,-4076,1000000,4039824
2026-04-11T00:01:42.608874,RANDOM,UP,38744,1000000,4039546
2026-04-11T00:11:28.773199,RANDOM,UP,38206,1000000,4032276
2026-04-11T00:18:05.816858,RANDOM,UP,38570,1000000,4047120
2026-04-11T02:17:59.115208,RANDOM,UP,38698,1000000,4009020
2026-04-11T18:25:14.939300,RANDOM,UP,39208,1000000,4008352
2026-04-11T18:29:53.445753,RANDOM,DOWN,-3432,1000000,4036726
2026-04-11T18:34:27.992478,MANUAL,NONE,-5570,1000000,4005004
